GCIN,country,source_id,streamflow_source,precipitation_source,Tr,season,n_theirs,n_ours,n_matched,frac_theirs_matched,frac_ours_matched,phenology_matches_csv,matched_same_season,class_theirs,max_rel_diff_volume_precip,median_rel_diff_volume_precip,max_rel_diff_volume_stormflow,median_rel_diff_volume_stormflow,max_abs_diff_volume_stormflow_mm,max_abs_diff_runoff_ratio,seconds
15,AU,WRR_2278,CAMELS-AUS,EM-Earth,1,dormant,124,111,39,0.314516,0.351351,False,39,simple,2.17294e-16,0,1.26901e-13,1.26766e-16,4.21885e-15,4.996e-16,0.07
15,AU,WRR_2278,CAMELS-AUS,EM-Earth,1,growing,111,124,39,0.351351,0.314516,False,39,intermediate,2.18089e-16,0,3.76924e-13,3.67008e-16,3.55271e-15,4.16334e-16,0.07
15,AU,WRR_2278,CAMELS-AUS,EM-Earth,1,all,235,235,235,1,1,False,78,,3.89341e-16,0,3.76924e-13,1.76314e-16,2.98428e-13,4.996e-16,0.07
107,AU,WRR_2375,CAMELS-AUS,EM-Earth,1,dormant,227,253,12,0.0528634,0.0474308,False,12,intermediate,2.15027e-16,0,3.04119e-15,1.61576e-16,3.33067e-15,4.16334e-17,0.08
107,AU,WRR_2375,CAMELS-AUS,EM-Earth,1,growing,273,247,32,0.117216,0.129555,False,32,complex,3.75136e-16,6.37188e-17,3.55754e-15,2.10972e-16,3.69482e-13,4.71845e-16,0.08
107,AU,WRR_2375,CAMELS-AUS,EM-Earth,1,all,500,500,500,1,1,False,44,,3.75136e-16,0,4.21965e-15,2.22437e-16,3.97904e-13,4.996e-16,0.08
379,BR,WRR_3015,"Either of CAMELS-BR, GRDC, or ANA",EM-Earth,2,dormant,82,116,0,0,0,False,0,complex,,,,,,,0.07
379,BR,WRR_3015,"Either of CAMELS-BR, GRDC, or ANA",EM-Earth,2,growing,168,134,52,0.309524,0.38806,False,52,intermediate,3.31677e-15,5.985e-16,6.65795e-15,4.11592e-16,2.66454e-15,4.996e-16,0.07
379,BR,WRR_3015,"Either of CAMELS-BR, GRDC, or ANA",EM-Earth,2,all,250,250,250,1,1,False,52,,4.65498e-15,6.17266e-16,3.07769e-14,3.42326e-16,4.08562e-14,4.996e-16,0.08
824,CA,WRR_1356,HYDAT,EMDNA,1,dormant,48,60,48,1,0.8,False,48,simple,4.43696e-15,6.33681e-16,3.79037e-15,4.5728e-16,4.83169e-13,4.996e-16,0.05
824,CA,WRR_1356,HYDAT,EMDNA,1,growing,129,117,117,0.906977,1,False,117,simple,3.88035e-15,6.28162e-16,4.08185e-15,5.37199e-16,4.54747e-13,4.996e-16,0.06
824,CA,WRR_1356,HYDAT,EMDNA,1,all,177,177,177,1,1,False,165,,4.43696e-15,6.30683e-16,4.08185e-15,5.12678e-16,4.83169e-13,4.996e-16,0.06
858,CA,GSIM_CA_0004352,HYDAT,EM-Earth,1,dormant,30,30,30,1,1,True,30,simple,3.59533e-15,6.87749e-16,4.17727e-15,5.60576e-16,4.40536e-13,4.996e-16,0.05
858,CA,GSIM_CA_0004352,HYDAT,EM-Earth,1,growing,121,121,121,1,1,True,121,simple,4.11332e-15,5.87837e-16,4.19392e-15,5.96999e-16,4.40536e-13,4.996e-16,0.05
858,CA,GSIM_CA_0004352,HYDAT,EM-Earth,1,all,151,151,151,1,1,True,151,,4.11332e-15,6.14923e-16,4.19392e-15,5.96999e-16,4.40536e-13,4.996e-16,0.05
904,CL,WRR_2758,CAMELS-CL or GRDC,EM-Earth,1,dormant,127,138,0,0,0,False,0,complex,,,,,,,0.05
904,CL,WRR_2758,CAMELS-CL or GRDC,EM-Earth,1,growing,212,201,74,0.349057,0.368159,False,74,complex,3.70256e-16,0,1.30633e-14,2.00935e-16,3.73035e-14,4.996e-16,0.06
904,CL,WRR_2758,CAMELS-CL or GRDC,EM-Earth,1,all,339,339,339,1,1,False,74,,3.70256e-16,0,6.37106e-14,2.05793e-16,3.73035e-14,4.996e-16,0.06
1449,DE,CAMELS-DE_DEA10400,CAMELS-DE,EM-Earth,1,dormant,461,461,461,1,1,True,461,complex,4.95902e-15,7.01059e-16,1.80411e-14,2.54388e-16,5.32907e-15,4.57967e-16,0.09
1449,DE,CAMELS-DE_DEA10400,CAMELS-DE,EM-Earth,1,growing,251,251,251,1,1,True,251,complex,3.69579e-15,7.59357e-16,3.18575e-15,2.24287e-16,4.44089e-15,3.88578e-16,0.09
1449,DE,CAMELS-DE_DEA10400,CAMELS-DE,EM-Earth,1,all,712,712,712,1,1,True,712,,4.95902e-15,7.33366e-16,1.80411e-14,2.31523e-16,5.32907e-15,4.57967e-16,0.09
1748,DK,CAMELS-DK_13230518,CAMELS-DK,EM-Earth,1,dormant,102,102,102,1,1,True,102,complex,3.72627e-15,4.25601e-16,3.03955e-15,4.75092e-16,4.9738e-14,4.996e-16,0.06
1748,DK,CAMELS-DK_13230518,CAMELS-DK,EM-Earth,1,growing,124,124,124,1,1,True,124,complex,3.79763e-15,5.76729e-16,4.0238e-15,5.95767e-16,4.9738e-14,4.996e-16,0.06
1748,DK,CAMELS-DK_13230518,CAMELS-DK,EM-Earth,1,all,226,226,226,1,1,True,226,,3.79763e-15,5.21263e-16,4.0238e-15,5.67461e-16,4.9738e-14,4.996e-16,0.06
2329,FR,CAMELS-FR_H774202001,CAMELS-FR,EM-Earth,1,dormant,449,449,449,1,1,True,449,complex,4.37272e-15,7.21352e-16,2.98372e-14,3.82094e-16,3.9968e-15,1.66533e-16,0.08
2329,FR,CAMELS-FR_H774202001,CAMELS-FR,EM-Earth,1,growing,280,280,280,1,1,True,280,complex,4.71408e-15,6.48588e-16,1.88651e-14,4.14528e-16,4.88498e-15,1.38778e-16,0.08
2329,FR,CAMELS-FR_H774202001,CAMELS-FR,EM-Earth,1,all,729,729,729,1,1,True,729,,4.71408e-15,6.80073e-16,2.98372e-14,3.9058e-16,4.88498e-15,1.66533e-16,0.08
2662,GB,WRR_2508,CAMELS-GB,CAMELS-GB,1,dormant,85,115,85,1,0.73913,False,85,intermediate,3.79834e-16,0,2.14742e-15,1.72797e-16,3.90799e-14,4.996e-16,0.06
2662,GB,WRR_2508,CAMELS-GB,CAMELS-GB,1,growing,170,139,138,0.811765,0.992806,False,138,intermediate,3.99406e-16,1.19259e-16,1.63931e-14,1.62085e-16,3.55271e-14,4.996e-16,0.06
2662,GB,WRR_2508,CAMELS-GB,CAMELS-GB,1,all,255,254,253,0.992157,0.996063,False,223,,3.99406e-16,1.13814e-16,1.63931e-14,1.70804e-16,3.90799e-14,4.996e-16,0.06
2748,GB,WRR_2602,CAMELS-GB,CAMELS-GB,1,dormant,115,168,115,1,0.684524,False,115,simple,3.47284e-16,0,2.3347e-15,1.40368e-16,4.9738e-14,4.996e-16,0.06
2748,GB,WRR_2602,CAMELS-GB,CAMELS-GB,1,growing,326,273,273,0.837423,1,False,273,simple,3.66165e-16,0,4.02854e-15,1.57478e-16,4.9738e-14,4.996e-16,0.06
2748,GB,WRR_2602,CAMELS-GB,CAMELS-GB,1,all,441,441,441,1,1,False,388,,3.66165e-16,0,4.02854e-15,1.52216e-16,4.9738e-14,4.996e-16,0.06
2951,IE,GSIM_IE_0000070,GRDC,EM-Earth,1,dormant,247,247,247,1,1,True,247,intermediate,4.46262e-15,6.11493e-16,4.68071e-15,5.96272e-16,4.9738e-14,4.996e-16,0.1
2951,IE,GSIM_IE_0000070,GRDC,EM-Earth,1,growing,426,426,426,1,1,True,426,complex,4.75089e-15,6.79492e-16,3.65116e-14,6.27726e-16,4.9738e-14,4.996e-16,0.1
2951,IE,GSIM_IE_0000070,GRDC,EM-Earth,1,all,673,673,673,1,1,True,673,,4.75089e-15,6.42319e-16,3.65116e-14,6.14104e-16,4.9738e-14,4.996e-16,0.1
3009,MW,GSIM_MW_0000006,GRDC,EM-Earth,1,dormant,27,27,27,1,1,True,27,simple,4.71202e-15,8.30993e-16,3.15526e-15,6.97893e-16,4.66294e-15,3.747e-16,0.05
3009,MW,GSIM_MW_0000006,GRDC,EM-Earth,1,growing,27,27,27,1,1,True,27,intermediate,3.91907e-15,3.56368e-16,3.74206e-15,5.2342e-16,4.88498e-15,4.71845e-16,0.05
3009,MW,GSIM_MW_0000006,GRDC,EM-Earth,1,all,54,54,54,1,1,True,54,,4.71202e-15,6.04546e-16,3.74206e-15,5.66734e-16,4.88498e-15,4.71845e-16,0.05
3059,MX,GSIM_MX_0000047,GRDC,EM-Earth,2,dormant,237,237,237,1,1,True,237,intermediate,4.67584e-15,8.85208e-16,4.60075e-15,5.8022e-16,4.61853e-14,4.71845e-16,0.07
3059,MX,GSIM_MX_0000047,GRDC,EM-Earth,2,growing,47,47,47,1,1,True,47,intermediate,3.51324e-15,5.78442e-16,4.44768e-15,5.58358e-16,4.9738e-14,4.996e-16,0.07
3059,MX,GSIM_MX_0000047,GRDC,EM-Earth,2,all,284,284,284,1,1,True,284,,4.67584e-15,8.41804e-16,4.60075e-15,5.63891e-16,4.9738e-14,4.996e-16,0.07
3211,TZ,GSIM_TZ_0000044,GRDC,EM-Earth,1,dormant,53,53,53,1,1,True,53,complex,4.19004e-15,5.99203e-16,5.34505e-15,5.93895e-16,3.9968e-15,4.85723e-16,0.07
3211,TZ,GSIM_TZ_0000044,GRDC,EM-Earth,1,growing,137,137,137,1,1,True,137,complex,4.66613e-15,4.28603e-16,4.2213e-15,6.34075e-16,2.4869e-14,4.996e-16,0.07
3211,TZ,GSIM_TZ_0000044,GRDC,EM-Earth,1,all,190,190,190,1,1,True,190,,4.66613e-15,4.78102e-16,5.34505e-15,6.22469e-16,2.4869e-14,4.996e-16,0.07
3487,US,WRR_2267,USGS,EMDNA,1,dormant,67,147,67,1,0.455782,False,67,simple,4.25625e-15,7.6834e-16,4.19868e-15,4.71609e-16,4.54747e-13,4.996e-16,0.05
3487,US,WRR_2267,USGS,EMDNA,1,growing,259,179,179,0.69112,1,False,179,intermediate,4.04433e-15,4.2674e-16,5.84539e-14,5.23273e-16,4.61853e-14,3.747e-16,0.06
3487,US,WRR_2267,USGS,EMDNA,1,all,326,326,326,1,1,False,246,,4.69526e-15,5.82809e-16,5.84539e-14,5.03147e-16,4.54747e-13,4.996e-16,0.06
3996,ZA,GSIM_ZA_0000013,GRDC,EM-Earth,1,dormant,55,55,55,1,1,True,55,complex,4.6911e-15,6.24129e-16,4.58885e-15,4.86633e-16,4.66294e-15,4.996e-16,0.05
3996,ZA,GSIM_ZA_0000013,GRDC,EM-Earth,1,growing,65,65,65,1,1,True,65,complex,4.8856e-15,7.31965e-16,2.85459e-13,8.10374e-16,4.44089e-14,4.16334e-16,0.05
3996,ZA,GSIM_ZA_0000013,GRDC,EM-Earth,1,all,120,120,120,1,1,True,120,,4.8856e-15,6.64256e-16,2.85459e-13,5.89699e-16,4.44089e-14,4.996e-16,0.05
4010,ZA,GSIM_ZA_0000046,GRDC,EM-Earth,1,dormant,256,256,256,1,1,True,256,simple,4.48636e-15,5.70788e-16,4.45726e-15,6.65794e-16,3.12639e-13,5.55112e-16,0.07
4010,ZA,GSIM_ZA_0000046,GRDC,EM-Earth,1,growing,272,272,272,1,1,True,272,intermediate,4.70016e-15,6.01654e-16,4.51874e-15,5.44733e-16,4.9738e-14,4.996e-16,0.08
4010,ZA,GSIM_ZA_0000046,GRDC,EM-Earth,1,all,528,528,528,1,1,True,528,,4.70016e-15,5.95028e-16,4.51874e-15,6.00027e-16,3.12639e-13,5.55112e-16,0.08
4228,ZW,GSIM_ZW_0000042,GRDC,EM-Earth,1,dormant,74,74,74,1,1,True,74,complex,3.89484e-15,3.44552e-16,3.06247e-14,4.25139e-16,4.88498e-15,4.996e-16,0.06
4228,ZW,GSIM_ZW_0000042,GRDC,EM-Earth,1,growing,141,141,141,1,1,True,141,complex,4.74706e-15,5.63598e-16,4.36817e-15,5.56713e-16,4.9738e-14,4.996e-16,0.06
4228,ZW,GSIM_ZW_0000042,GRDC,EM-Earth,1,all,215,215,215,1,1,True,215,,4.74706e-15,4.89016e-16,3.06247e-14,5.01788e-16,4.9738e-14,4.996e-16,0.06
4411,US,GSIM_US_0002017,USGS,EM-Earth,1,dormant,667,667,667,1,1,True,667,complex,4.72127e-15,6.14153e-16,4.88729e-14,5.20209e-16,2.13163e-13,4.996e-16,0.1
4411,US,GSIM_US_0002017,USGS,EM-Earth,1,growing,490,490,490,1,1,True,490,complex,4.18134e-15,6.43352e-16,1.4398e-13,6.0898e-16,4.9738e-14,4.996e-16,0.1
4411,US,GSIM_US_0002017,USGS,EM-Earth,1,all,1157,1157,1157,1,1,True,1157,,4.72127e-15,6.2735e-16,1.4398e-13,5.55921e-16,2.13163e-13,4.996e-16,0.1
