gsim.no,national_id,n_candidates,dist_km,note
FR_0000001,,0,,no national station within 5 km with area within 2%
FR_0000002,U2035020,1,0.47,
FR_0000003,,0,,no national station within 5 km with area within 2%
FR_0000004,U2315220,1,0.42,
FR_0000005,,0,,no national station within 5 km with area within 2%
FR_0000006,,0,,no national station within 5 km with area within 2%
FR_0000007,,0,,no national station within 5 km with area within 2%
FR_0000008,,0,,no national station within 5 km with area within 2%
FR_0000009,,0,,no national station within 5 km with area within 2%
FR_0000011,U3446412,1,0.16,
FR_0000012,,0,,no national station within 5 km with area within 2%
FR_0000013,,0,,no national station within 5 km with area within 2%
FR_0000014,U3415020,1,0.57,
FR_0000015,,0,,no national station within 5 km with area within 2%
FR_0000016,,0,,no national station within 5 km with area within 2%
FR_0000017,U2722010,1,0.1,
FR_0000018,U2745010,1,0.56,
FR_0000019,U2222010,1,0.32,
FR_0000022,U2315220,1,0.4,
FR_0000023,U4216010,1,0.33,
FR_0000027,,0,,no national station within 5 km with area within 2%
FR_0000028,U2345020,1,0.23,
FR_0000029,U2315230,1,0.2,
FR_0000030,U2305210,1,0.16,
FR_0000031,,0,,no national station within 5 km with area within 2%
FR_0000032,,0,,no national station within 5 km with area within 2%
FR_0000033,,0,,no national station within 5 km with area within 2%
FR_0000034,V2924010,1,0.22,
FR_0000036,U4614010,1,0.39,
FR_0000037,U4515420,1,0.29,
FR_0000038,U4405020,1,0.36,
FR_0000039,U4405010,1,0.22,
FR_0000041,U1115210,1,0.5,
FR_0000043,U4014020,1,0.37,
FR_0000044,U3445020,1,0.49,
FR_0000045,,0,,no national station within 5 km with area within 2%
FR_0000046,,0,,no national station within 5 km with area within 2%
FR_0000047,U2565010,1,0.16,
FR_0000048,U2426010,1,0.03,
FR_0000050,,0,,no national station within 5 km with area within 2%
FR_0000052,,0,,no national station within 5 km with area within 2%
FR_0000056,V1114010,1,0.53,
FR_0000058,V0355010,1,0.11,
FR_0000062,V2924020,1,0.54,
FR_0000063,,0,,no national station within 5 km with area within 2%
FR_0000065,,0,,no national station within 5 km with area within 2%
FR_0000066,V6155420,1,0.41,
FR_0000067,,0,,no national station within 5 km with area within 2%
FR_0000068,V6052010,1,0.76,
FR_0000069,V6035010,1,0.63,
FR_0000070,,0,,no national station within 5 km with area within 2%
FR_0000071,W3534020,1,0.44,
FR_0000072,W3340003,1,0.5,
FR_0000074,,0,,no national station within 5 km with area within 2%
FR_0000075,W3005010,1,0.31,
FR_0000083,V5214010,1,0.43,
FR_0000084,,0,,no national station within 5 km with area within 2%
FR_0000090,V4264010,1,0.1,
FR_0000091,V4214010,1,0.35,
FR_0000092,,0,,no national station within 5 km with area within 2%
FR_0000093,,0,,no national station within 5 km with area within 2%
FR_0000094,V3224010,1,0.19,
FR_0000095,V3005610,1,0.41,
FR_0000097,V2814040,1,0.69,
FR_0000098,V2814030,1,0.52,
FR_0000099,,0,,no national station within 5 km with area within 2%
FR_0000102,V1755010,1,0.18,
FR_0000103,,0,,no national station within 5 km with area within 2%
FR_0000104,,0,,no national station within 5 km with area within 2%
FR_0000107,,0,,no national station within 5 km with area within 2%
FR_0000111,,0,,no national station within 5 km with area within 2%
FR_0000115,V0245610,1,0.29,
FR_0000119,V2942010,1,0.45,
FR_0000120,V2934010,1,0.55,
FR_0000121,V2444020,1,0.42,
FR_0000124,V5064010,1,0.45,
FR_0000125,,0,,no national station within 5 km with area within 2%
FR_0000127,V4145211,1,1.2,
FR_0000128,V3124010,1,0.05,
FR_0000129,V3035010,1,0.27,
FR_0000130,V3015010,1,0.5,
FR_0000131,Y1314010,1,0.31,
FR_0000132,,0,,no national station within 5 km with area within 2%
FR_0000137,,0,,no national station within 5 km with area within 2%
FR_0000149,V7105210,2,0.44,
FR_0000150,V7104010,2,0.54,
FR_0000151,V6155620,1,0.57,
FR_0000152,V6155610,1,0.43,
FR_0000153,,0,,no national station within 5 km with area within 2%
FR_0000154,,1,,match to V6110004 rejected: GSIM river 'MEDE' vs 'Le vallon des Paillasses à Saint-Pierre-de-Vassols'
FR_0000155,V6105610,1,0.52,
FR_0000156,,0,,no national station within 5 km with area within 2%
FR_0000157,V5404038,1,0.31,
FR_0000158,V5404025,1,1.22,
FR_0000159,,1,,match to O5224010 rejected: GSIM river 'AYGUES' vs 'L'Alzou à Villefranche-de-Rouergue [Barrage Cabal]'
FR_0000160,V4025010,1,0.6,
FR_0000161,V4015030,1,0.38,
FR_0000162,V3225420,1,0.46,
FR_0000169,,2,,"2 national stations qualify: U1215020, U1215030"
FR_0000170,,0,,no national station within 5 km with area within 2%
FR_0000171,U0724010,1,0.2,
FR_0000173,,0,,no national station within 5 km with area within 2%
FR_0000175,U4505010,1,0.56,
FR_0000176,U3225010,1,0.38,
FR_0000178,U3205210,1,0.48,
FR_0000179,U1420010,1,0.36,
FR_0000180,U1334010,1,0.33,
FR_0000182,U1304010,1,0.45,
FR_0000183,U1235020,1,0.14,
FR_0000184,,0,,no national station within 5 km with area within 2%
FR_0000187,U1074010,2,0.48,
FR_0000190,U0610010,1,0.49,
FR_0000191,,0,,no national station within 5 km with area within 2%
FR_0000192,,0,,no national station within 5 km with area within 2%
FR_0000193,V7185018,1,0.12,
FR_0000194,V7144010,1,0.41,
FR_0000195,,0,,no national station within 5 km with area within 2%
FR_0000197,V4174010,1,0.56,
FR_0000198,,1,,match to V3515610 rejected: GSIM river 'RUISSEAU DES PREAUX' vs 'L'Argental à Bourg-Argental'
FR_0000199,V3434010,1,0.59,
FR_0000200,V3404310,1,0.39,
FR_0000201,,0,,no national station within 5 km with area within 2%
FR_0000202,,0,,no national station within 5 km with area within 2%
FR_0000203,V3115010,1,0.19,
FR_0000204,,0,,no national station within 5 km with area within 2%
FR_0000205,V3104010,1,0.41,
FR_0000206,V3025110,1,0.45,
FR_0000207,X3500016,2,0.36,
FR_0000208,X3500015,2,0.53,
FR_0000209,,0,,no national station within 5 km with area within 2%
FR_0000210,V7135048,1,0.77,
FR_0000211,V7135045,1,0.32,
FR_0000212,,0,,no national station within 5 km with area within 2%
FR_0000213,V5474010,1,0.27,
FR_0000214,V5424010,1,0.87,
FR_0000215,,0,,no national station within 5 km with area within 2%
FR_0000216,,0,,no national station within 5 km with area within 2%
FR_0000217,,0,,no national station within 5 km with area within 2%
FR_0000219,V7124010,1,0.3,
FR_0000220,V3724010,1,0.26,
FR_0000221,V5048815,1,0.67,
FR_0000222,V5048814,1,0.55,
FR_0000223,,0,,no national station within 5 km with area within 2%
FR_0000224,,2,,"2 national stations qualify: V2322010, V2322012"
FR_0000225,,0,,no national station within 5 km with area within 2%
FR_0000226,,0,,no national station within 5 km with area within 2%
FR_0000229,V1015020,1,0.53,
FR_0000232,,2,,"2 national stations qualify: V2712010, V2712012"
FR_0000234,,0,,no national station within 5 km with area within 2%
FR_0000236,V1774010,1,0.1,
FR_0000237,V1534020,1,0.67,
FR_0000246,U4710010,1,0.75,
FR_0000247,U4300010,2,0.36,
FR_0000249,,2,,"2 national stations qualify: V7200005, V7200010"
FR_0000250,V3030020,1,3.91,
FR_0000251,V4530010,1,0.23,
FR_0000253,,0,,no national station within 5 km with area within 2%
FR_0000255,U0620510,1,0.5,
FR_0000256,,0,,no national station within 5 km with area within 2%
FR_0000257,U0104010,1,0.2,
FR_0000258,,0,,no national station within 5 km with area within 2%
FR_0000259,,0,,no national station within 5 km with area within 2%
FR_0000260,U1334020,1,0.45,
FR_0000262,,0,,no national station within 5 km with area within 2%
FR_0000263,,0,,no national station within 5 km with area within 2%
FR_0000264,U0635010,1,0.59,
FR_0000266,U0444310,1,0.5,
FR_0000268,,0,,no national station within 5 km with area within 2%
FR_0000269,,0,,no national station within 5 km with area within 2%
FR_0000270,U1235010,1,0.26,
FR_0000271,,0,,no national station within 5 km with area within 2%
FR_0000272,,0,,no national station within 5 km with area within 2%
FR_0000277,U2655010,1,0.2,
FR_0000280,,0,,no national station within 5 km with area within 2%
FR_0000282,U2345810,1,0.26,
FR_0000283,U2345030,1,0.1,
FR_0000285,O2034010,1,1.01,
FR_0000286,O0624010,1,0.54,
FR_0000288,S5144010,1,0.83,
FR_0000289,S4214010,1,0.42,
FR_0000290,,0,,no national station within 5 km with area within 2%
FR_0000291,K4470010,1,0.67,
FR_0000292,M5300010,1,0.27,
FR_0000293,K6830021,1,0.5,
FR_0000294,K6720002,1,0.34,
FR_0000295,K4900031,2,0.32,
FR_0000296,K4350010,1,0.46,
FR_0000297,,2,,"2 national stations qualify: K1440010, K1440013"
FR_0000298,K6220910,1,0.63,
FR_0000299,L6020710,1,0.31,
FR_0000300,K7530003,1,0.35,
FR_0000301,K6540001,1,0.38,
FR_0000304,,0,,no national station within 5 km with area within 2%
FR_0000305,,2,,"2 national stations qualify: M4101910, M4101920"
FR_0000306,,0,,no national station within 5 km with area within 2%
FR_0000307,L7000610,1,0.15,
FR_0000308,K1180010,1,0.31,
FR_0000309,,2,,"2 national stations qualify: K4180010, K4180012"
FR_0000310,L4530002,1,0.6,
FR_0000311,,0,,no national station within 5 km with area within 2%
FR_0000315,L4200003,1,0.6,
FR_0000317,L4653010,1,0.5,
FR_0000318,,0,,no national station within 5 km with area within 2%
FR_0000319,L5014110,1,0.56,
FR_0000320,L5511910,1,0.52,
FR_0000321,L5323010,1,0.22,
FR_0000324,L5114010,1,0.61,
FR_0000325,L0614010,1,0.39,
FR_0000327,L0123020,1,0.3,
FR_0000328,,0,,no national station within 5 km with area within 2%
FR_0000329,L3200620,1,0.42,
FR_0000330,L3123010,1,0.43,
FR_0000331,,0,,no national station within 5 km with area within 2%
FR_0000332,,0,,no national station within 5 km with area within 2%
FR_0000334,P7181520,1,0.25,
FR_0000335,P7001510,1,0.46,
FR_0000336,P6342510,1,0.32,
FR_0000337,,0,,no national station within 5 km with area within 2%
FR_0000338,P6081510,1,0.5,
FR_0000339,,0,,no national station within 5 km with area within 2%
FR_0000340,,0,,no national station within 5 km with area within 2%
FR_0000341,,0,,no national station within 5 km with area within 2%
FR_0000342,,0,,no national station within 5 km with area within 2%
FR_0000343,,0,,no national station within 5 km with area within 2%
FR_0000344,,0,,no national station within 5 km with area within 2%
FR_0000345,R1030010,1,0.34,
FR_0000346,R0220010,1,0.44,
FR_0000347,R0020010,1,0.36,
FR_0000348,R0110010,1,0.47,
FR_0000349,,0,,no national station within 5 km with area within 2%
FR_0000350,,0,,no national station within 5 km with area within 2%
FR_0000351,,0,,no national station within 5 km with area within 2%
FR_0000352,R5123310,1,0.24,
FR_0000353,,0,,no national station within 5 km with area within 2%
FR_0000354,,0,,no national station within 5 km with area within 2%
FR_0000355,R1180010,1,0.4,
FR_0000356,,0,,no national station within 5 km with area within 2%
FR_0000357,,0,,no national station within 5 km with area within 2%
FR_0000358,R1250010,1,0.11,
FR_0000359,N8220010,1,0.33,
FR_0000360,,0,,no national station within 5 km with area within 2%
FR_0000361,N3308210,1,0.52,
FR_0000363,,0,,no national station within 5 km with area within 2%
FR_0000364,N4010610,1,0.47,
FR_0000365,,0,,no national station within 5 km with area within 2%
FR_0000366,N3304110,1,0.38,
FR_0000367,N3222010,1,0.25,
FR_0000370,N0113010,1,0.38,
FR_0000371,M8503010,1,0.39,
FR_0000372,,0,,no national station within 5 km with area within 2%
FR_0000373,M8144010,1,0.46,
FR_0000374,M7314010,1,0.22,
FR_0000375,M7044010,1,0.47,
FR_0000376,M5214010,1,0.26,
FR_0000377,M5014210,1,0.56,
FR_0000378,L8307310,1,0.76,
FR_0000379,,0,,no national station within 5 km with area within 2%
FR_0000380,L8114010,1,0.29,
FR_0000381,M7453010,1,0.49,
FR_0000384,M8205020,1,0.11,
FR_0000385,,0,,no national station within 5 km with area within 2%
FR_0000386,,0,,no national station within 5 km with area within 2%
FR_0000388,L8343010,1,0.37,
FR_0000389,,0,,no national station within 5 km with area within 2%
FR_0000390,,0,,no national station within 5 km with area within 2%
FR_0000391,L8523010,1,0.3,
FR_0000392,L8602110,1,0.97,
FR_0000394,L3200610,1,1.59,
FR_0000395,,0,,no national station within 5 km with area within 2%
FR_0000396,L2303010,1,0.44,
FR_0000397,L1200003,1,0.19,
FR_0000398,L0201510,1,0.22,
FR_0000399,L0010611,1,0.61,
FR_0000401,O7234010,1,0.45,
FR_0000402,O9785310,1,0.42,
FR_0000403,O9285010,1,0.47,
FR_0000404,O8481530,1,1.88,
FR_0000405,,2,,"2 national stations qualify: O8180001, O7981510"
FR_0000406,O7944020,1,0.48,
FR_0000407,O7814010,1,0.49,
FR_0000408,O7664010,1,0.44,
FR_0000410,O7265010,1,0.31,
FR_0000411,O7245010,1,0.42,
FR_0000412,O7191510,1,0.33,
FR_0000413,O7145220,1,0.24,
FR_0000414,,2,,"2 national stations qualify: O7234031, O7234032"
FR_0000415,O7085010,1,0.11,
FR_0000417,O7015810,1,0.15,
FR_0000418,,0,,no national station within 5 km with area within 2%
FR_0000419,O8344020,1,0.56,
FR_0000420,,0,,no national station within 5 km with area within 2%
FR_0000421,O7692510,1,0.52,
FR_0000422,O7692511,1,0.81,
FR_0000423,O7600002,1,0.44,
FR_0000424,,0,,no national station within 5 km with area within 2%
FR_0000425,,0,,no national station within 5 km with area within 2%
FR_0000426,O7011510,1,0.51,
FR_0000427,O9675210,1,0.2,
FR_0000428,,0,,no national station within 5 km with area within 2%
FR_0000429,O9196210,1,0.62,
FR_0000431,O9034010,1,0.43,
FR_0000432,O8584010,1,0.53,
FR_0000433,O8394310,1,0.53,
FR_0000434,O8255010,1,0.2,
FR_0000435,,2,,"2 national stations qualify: O8430001, O8231530"
FR_0000436,,2,,"2 national stations qualify: O8133520, O8133510"
FR_0000438,,0,,no national station within 5 km with area within 2%
FR_0000439,O7635020,2,0.15,
FR_0000442,O7234030,1,0.47,
FR_0000443,O7202510,1,0.5,
FR_0000444,O7175010,1,0.26,
FR_0000445,O7155010,1,0.43,
FR_0000446,O7145210,1,0.35,
FR_0000447,O7101510,1,0.73,
FR_0000448,O7094010,1,0.39,
FR_0000450,O7035010,1,0.21,
FR_0000451,,1,,match to P5715210 rejected: GSIM river 'COURMERAN' vs 'Le ruisseau de Gourmeron à Martres [Boissonneau]'
FR_0000452,P4015010,1,0.54,
FR_0000454,P3245010,1,0.53,
FR_0000456,,0,,no national station within 5 km with area within 2%
FR_0000457,,0,,no national station within 5 km with area within 2%
FR_0000458,P0870001,1,0.34,
FR_0000459,P4001010,1,0.5,
FR_0000461,P3020001,1,0.18,
FR_0000462,P2315020,1,0.29,
FR_0000463,,2,,"2 national stations qualify: P2070020, P2060001"
FR_0000464,P1860001,1,0.5,
FR_0000465,P1500001,1,0.09,
FR_0000466,,0,,no national station within 5 km with area within 2%
FR_0000467,P1220001,1,0.16,
FR_0000468,P0180001,1,0.34,
FR_0000469,P1150001,1,0.17,
FR_0000470,,0,,no national station within 5 km with area within 2%
FR_0000471,,0,,no national station within 5 km with area within 2%
FR_0000474,,1,,match to P5685610 rejected: GSIM river 'CORRAL' vs 'Le ruisseau du Courbut à Ruch'
FR_0000475,P5404010,1,0.69,
FR_0000476,P5140010,1,0.2,
FR_0000477,P4161010,1,0.56,
FR_0000478,P4135010,1,0.51,
FR_0000479,P4114010,1,0.58,
FR_0000480,P3994010,1,0.19,
FR_0000481,P3922520,1,0.46,
FR_0000482,P3614010,1,0.28,
FR_0000483,P3502510,1,1.81,
FR_0000484,P3464010,1,0.44,
FR_0000485,P3352520,2,0.26,
FR_0000486,P3322510,1,0.41,
FR_0000487,,0,,no national station within 5 km with area within 2%
FR_0000488,P3131020,1,0.51,
FR_0000489,P3001010,1,1.37,
FR_0000490,P2380010,1,0.62,
FR_0000491,P2184310,1,0.42,
FR_0000492,,0,,no national station within 5 km with area within 2%
FR_0000493,P1770001,1,1.64,
FR_0000494,P1744010,1,0.54,
FR_0000495,P1712910,1,0.66,
FR_0000496,P1630010,2,1.52,
FR_0000497,P1592510,1,0.48,
FR_0000498,P1454010,1,0.25,
FR_0000500,P1350010,1,0.33,
FR_0000501,,0,,no national station within 5 km with area within 2%
FR_0000502,P0924010,1,0.97,
FR_0000503,,2,,"2 national stations qualify: P0890001, P0890002"
FR_0000505,,0,,no national station within 5 km with area within 2%
FR_0000506,P0714010,1,0.55,
FR_0000507,P0630001,1,0.09,
FR_0000508,P0212510,1,0.14,
FR_0000509,,0,,no national station within 5 km with area within 2%
FR_0000510,,0,,no national station within 5 km with area within 2%
FR_0000512,,0,,no national station within 5 km with area within 2%
FR_0000513,P0064310,1,0.29,
FR_0000514,P0010010,1,2.24,
FR_0000515,O7625210,1,0.22,
FR_0000516,,1,,match to P9435110 rejected: GSIM river 'BARBEFER' vs 'Le ruisseau de Bourdillot à Pugnac'
FR_0000517,P9414010,1,0.15,
FR_0000518,,0,,no national station within 5 km with area within 2%
FR_0000519,P8215010,1,0.36,
FR_0000520,P7041510,1,0.57,
FR_0000521,P8394310,1,0.15,
FR_0000522,,0,,no national station within 5 km with area within 2%
FR_0000523,,0,,no national station within 5 km with area within 2%
FR_0000524,,0,,no national station within 5 km with area within 2%
FR_0000525,J7083110,1,0.36,
FR_0000526,J0121510,1,0.58,
FR_0000527,,0,,no national station within 5 km with area within 2%
FR_0000528,J5606810,1,0.34,
FR_0000529,,0,,no national station within 5 km with area within 2%
FR_0000530,,0,,no national station within 5 km with area within 2%
FR_0000531,,0,,no national station within 5 km with area within 2%
FR_0000534,J4313010,1,0.33,
FR_0000535,J4224010,1,0.12,
FR_0000536,,0,,no national station within 5 km with area within 2%
FR_0000537,J4014010,1,0.29,
FR_0000538,J3713010,1,0.11,
FR_0000539,J3601810,1,0.19,
FR_0000540,,0,,no national station within 5 km with area within 2%
FR_0000541,,0,,no national station within 5 km with area within 2%
FR_0000543,,0,,no national station within 5 km with area within 2%
FR_0000544,,2,,"2 national stations qualify: J3205711, J3204010"
FR_0000548,,2,,"2 national stations qualify: J2603015, J2603016"
FR_0000549,J2605410,1,0.41,
FR_0000551,J2233010,1,0.34,
FR_0000552,J2023010,1,0.43,
FR_0000553,,0,,no national station within 5 km with area within 2%
FR_0000554,J4623010,1,0.06,
FR_0000556,J2723010,1,0.14,
FR_0000557,J3213020,1,0.68,
FR_0000558,J3834010,1,0.06,
FR_0000559,J4214510,1,0.12,
FR_0000561,,0,,no national station within 5 km with area within 2%
FR_0000562,K7420002,1,0.31,
FR_0000563,K7433032,1,0.28,
FR_0000565,K7202610,1,0.22,
FR_0000566,K6593020,1,2.23,
FR_0000567,,0,,no national station within 5 km with area within 2%
FR_0000569,K5490902,1,2.82,
FR_0000571,K5090900,1,0.76,
FR_0000572,K5383021,2,0.33,
FR_0000573,K6334010,1,0.36,
FR_0000574,K6373020,1,0.66,
FR_0000575,K4670001,1,0.76,
FR_0000577,K4780002,1,0.24,
FR_0000578,,1,,match to K0943010 rejected: GSIM river 'REIMS' vs 'Le Rhins à Amplepuis'
FR_0000579,K0624510,1,0.24,
FR_0000580,K0614010,1,0.33,
FR_0000581,,0,,no national station within 5 km with area within 2%
FR_0000582,,3,,"3 national stations qualify: K0433030, K0433020, K0436511"
FR_0000584,K0763310,1,2.42,
FR_0000585,K0733220,1,0.43,
FR_0000586,,0,,no national station within 5 km with area within 2%
FR_0000587,K0813010,1,0.04,
FR_0000588,K0773221,2,0.3,
FR_0000590,K0260010,1,0.45,
FR_0000591,K0253010,1,0.48,
FR_0000592,,0,,no national station within 5 km with area within 2%
FR_0000596,K0550010,1,0.55,
FR_0000598,K0983010,1,0.08,
FR_0000599,K0910010,2,0.23,
FR_0000600,K1833010,1,0.49,
FR_0000601,K1363010,1,0.49,
FR_0000602,K1263110,1,0.53,
FR_0000603,K1391810,1,0.56,
FR_0000604,K1321810,1,0.25,
FR_0000605,K1960001,1,0.37,
FR_0000606,,0,,no national station within 5 km with area within 2%
FR_0000607,K1914510,1,0.49,
FR_0000608,K1775510,1,0.45,
FR_0000609,,0,,no national station within 5 km with area within 2%
FR_0000612,K1273110,1,0.24,
FR_0000613,K1211810,1,0.64,
FR_0000614,K1173210,1,0.23,
FR_0000617,K1753110,1,0.54,
FR_0000618,K1773010,1,0.38,
FR_0000619,K4094010,1,0.52,
FR_0000620,,0,,no national station within 5 km with area within 2%
FR_0000621,L9100001,1,0.79,
FR_0000622,,0,,no national station within 5 km with area within 2%
FR_0000623,L9200002,1,0.24,
FR_0000624,L9110004,1,0.28,
FR_0000625,K4873120,1,0.27,
FR_0000626,L9110006,2,0.37,
FR_0000627,,0,,no national station within 5 km with area within 2%
FR_0000628,L9220002,1,0.59,
FR_0000629,,1,,match to L9000006 rejected: GSIM river 'CHANGEON' vs 'L'Authion à Benais'
FR_0000630,L9000005,1,0.46,
FR_0000631,K4853012,1,0.33,
FR_0000632,,0,,no national station within 5 km with area within 2%
FR_0000633,,0,,no national station within 5 km with area within 2%
FR_0000634,M1313010,1,0.4,
FR_0000635,M1124810,1,0.73,
FR_0000636,M1114015,1,0.5,
FR_0000637,M1034020,1,0.19,
FR_0000638,M1463020,1,0.25,
FR_0000640,M1020003,1,0.19,
FR_0000641,M1020002,1,0.38,
FR_0000642,M1213013,1,0.44,
FR_0000643,,3,,"3 national stations qualify: M1233020, M1233030, M1233010"
FR_0000644,M1531610,1,0.37,
FR_0000646,,0,,no national station within 5 km with area within 2%
FR_0000647,M1041610,1,0.23,
FR_0000648,M1020001,1,0.4,
FR_0000649,M0680610,1,0.47,
FR_0000650,M0674010,1,0.07,
FR_0000651,M0566220,1,0.2,
FR_0000652,M0401510,1,0.52,
FR_0000653,M0653110,1,0.21,
FR_0000654,M0583020,1,0.27,
FR_0000655,M0361510,1,0.34,
FR_0000657,M0361515,1,0.17,
FR_0000658,M0064351,1,2.2,
FR_0000659,M0633010,1,0.35,
FR_0000660,M0583010,1,0.54,
FR_0000661,,0,,no national station within 5 km with area within 2%
FR_0000662,M6315610,1,0.32,
FR_0000663,M6214010,1,0.29,
FR_0000664,M3834010,1,0.52,
FR_0000665,M3744010,1,0.33,
FR_0000666,M3103010,1,0.3,
FR_0000667,M3813010,1,0.37,
FR_0000668,M3771810,1,0.51,
FR_0000669,M3313010,1,0.45,
FR_0000671,,0,,no national station within 5 km with area within 2%
FR_0000672,,1,,match to M6204010 rejected: GSIM river 'DONNEAU' vs 'Le Hâvre à Mésanger [Pont-Esnault]'
FR_0000673,M3774010,1,0.49,
FR_0000674,M3504010,1,0.36,
FR_0000675,M3253110,1,0.34,
FR_0000677,M3861810,1,0.49,
FR_0000679,M3630910,1,0.07,
FR_0000681,,0,,no national station within 5 km with area within 2%
FR_0000682,,0,,no national station within 5 km with area within 2%
FR_0000683,,0,,no national station within 5 km with area within 2%
FR_0000684,,0,,no national station within 5 km with area within 2%
FR_0000685,J8133010,1,0.27,
FR_0000686,J8022310,1,0.29,
FR_0000687,,0,,no national station within 5 km with area within 2%
FR_0000689,,0,,no national station within 5 km with area within 2%
FR_0000690,J7373110,1,0.28,
FR_0000691,,0,,no national station within 5 km with area within 2%
FR_0000692,,0,,no national station within 5 km with area within 2%
FR_0000694,J0323010,1,0.46,
FR_0000696,,0,,no national station within 5 km with area within 2%
FR_0000697,J1103010,1,0.39,
FR_0000698,J0621610,3,0.1,
FR_0000701,J8143010,1,0.46,
FR_0000703,,0,,no national station within 5 km with area within 2%
FR_0000704,,0,,no national station within 5 km with area within 2%
FR_0000705,K4150013,1,0.38,
FR_0000706,K2944010,1,0.6,
FR_0000707,,0,,no national station within 5 km with area within 2%
FR_0000708,K2834010,1,0.41,
FR_0000709,K2544010,1,0.27,
FR_0000710,,0,,no national station within 5 km with area within 2%
FR_0000711,K2365510,1,0.27,
FR_0000713,K2010820,1,0.38,
FR_0000714,K3382010,1,0.51,
FR_0000715,K3322010,1,0.55,
FR_0000716,K3292020,1,0.55,
FR_0000717,K2783010,1,0.3,
FR_0000718,,0,,no national station within 5 km with area within 2%
FR_0000719,,0,,no national station within 5 km with area within 2%
FR_0000720,K2316210,1,0.24,
FR_0000721,,2,,"2 national stations qualify: K2240820, K2240822"
FR_0000722,,0,,no national station within 5 km with area within 2%
FR_0000724,K2234032,1,4.25,
FR_0000726,K2753010,1,0.64,
FR_0000728,K2283110,1,0.35,
FR_0000729,K3153010,1,0.18,
FR_0000731,K3222010,1,0.79,
FR_0000732,K2674010,1,1.18,
FR_0000733,,0,,no national station within 5 km with area within 2%
FR_0000735,,0,,no national station within 5 km with area within 2%
FR_0000736,K2330810,1,0.13,
FR_0000737,K2254010,1,0.99,
FR_0000739,K2064010,1,1.3,
FR_0000740,,2,,"2 national stations qualify: K2080822, K2080820"
FR_0000741,K2363010,1,0.31,
FR_0000743,K2884010,1,0.51,
FR_0000744,K2784510,1,0.43,
FR_0000745,K3030810,1,0.24,
FR_0000746,K3450810,1,0.46,
FR_0000747,K3650810,1,0.42,
FR_0000748,K1084010,1,0.4,
FR_0000749,,0,,no national station within 5 km with area within 2%
FR_0000750,K1004510,1,0.53,
FR_0000752,K0643110,1,0.04,
FR_0000753,L2501610,1,0.35,
FR_0000754,,0,,no national station within 5 km with area within 2%
FR_0000756,L0513010,1,0.43,
FR_0000757,L0321510,1,0.59,
FR_0000758,,0,,no national station within 5 km with area within 2%
FR_0000759,L0140610,1,0.67,
FR_0000760,,0,,no national station within 5 km with area within 2%
FR_0000761,L0920610,1,0.75,
FR_0000762,L0624010,1,0.27,
FR_0000764,,0,,no national station within 5 km with area within 2%
FR_0000765,L0140611,1,0.24,
FR_0000767,L0231510,1,0.9,
FR_0000768,L0244510,1,0.47,
FR_0000769,L5411810,1,0.37,
FR_0000771,,0,,no national station within 5 km with area within 2%
FR_0000772,L5741910,1,0.44,
FR_0000773,L6210005,2,0.28,
FR_0000774,L6202010,1,0.25,
FR_0000775,L4710710,1,0.31,
FR_0000778,S1215010,1,0.53,
FR_0000781,,0,,no national station within 5 km with area within 2%
FR_0000782,H0810010,1,0.3,
FR_0000783,H1713010,1,0.82,
FR_0000784,F2400003,1,4.24,
FR_0000785,F4600002,1,0.44,
FR_0000786,,0,,no national station within 5 km with area within 2%
FR_0000787,,0,,no national station within 5 km with area within 2%
FR_0000788,F2320001,1,0.46,
FR_0000789,,0,,no national station within 5 km with area within 2%
FR_0000790,H2482010,1,0.51,
FR_0000791,H2473010,1,0.4,
FR_0000792,H2482020,1,2.83,
FR_0000793,,0,,no national station within 5 km with area within 2%
FR_0000794,,2,,"2 national stations qualify: H2442310, H2442330"
FR_0000795,H2402010,1,0.39,
FR_0000796,H2322010,1,0.25,
FR_0000797,,0,,no national station within 5 km with area within 2%
FR_0000798,,0,,no national station within 5 km with area within 2%
FR_0000799,,0,,no national station within 5 km with area within 2%
FR_0000800,,0,,no national station within 5 km with area within 2%
FR_0000801,H2172310,1,0.32,
FR_0000802,H2322020,1,0.3,
FR_0000803,H2323810,1,0.38,
FR_0000804,H2062010,1,0.58,
FR_0000805,H2073110,1,0.29,
FR_0000806,,1,,match to H2083110 rejected: GSIM river 'DRUYES' vs 'Le ruisseau d'Andryes à Surgy'
FR_0000807,H2081020,1,4.91,
FR_0000808,H2182010,1,0.38,
FR_0000809,H2221010,1,0.31,
FR_0000810,,0,,no national station within 5 km with area within 2%
FR_0000812,,0,,no national station within 5 km with area within 2%
FR_0000813,,0,,no national station within 5 km with area within 2%
FR_0000814,F3570001,1,0.49,
FR_0000816,F4380002,1,0.36,
FR_0000817,F4160002,1,0.33,
FR_0000818,F4150001,1,0.49,
FR_0000820,F4210004,1,0.31,
FR_0000821,H3203310,1,0.26,
FR_0000822,F4220002,2,0.53,
FR_0000823,H3522010,1,1.27,
FR_0000824,,1,,match to F4500003 rejected: GSIM river 'OEUF' vs 'L'Essonne à Bondaroy'
FR_0000825,,0,,no national station within 5 km with area within 2%
FR_0000826,,0,,no national station within 5 km with area within 2%
FR_0000827,,0,,no national station within 5 km with area within 2%
FR_0000828,E5497010,1,0.18,
FR_0000829,,0,,no national station within 5 km with area within 2%
FR_0000830,E5310210,1,0.36,
FR_0000831,E5300210,1,0.22,
FR_0000832,,0,,no national station within 5 km with area within 2%
FR_0000833,,0,,no national station within 5 km with area within 2%
FR_0000834,,0,,no national station within 5 km with area within 2%
FR_0000835,,0,,no national station within 5 km with area within 2%
FR_0000836,,0,,no national station within 5 km with area within 2%
FR_0000837,,0,,no national station within 5 km with area within 2%
FR_0000838,E2366610,1,1.02,
FR_0000839,E2365010,1,0.04,
FR_0000840,E4905710,1,2.45,
FR_0000841,E4306010,1,0.07,
FR_0000842,E4035710,1,0.4,
FR_0000843,,0,,no national station within 5 km with area within 2%
FR_0000844,E3671250,1,0.36,
FR_0000845,E3646210,1,0.66,
FR_0000846,E3511220,1,0.39,
FR_0000847,E3346010,1,0.17,
FR_0000848,,0,,no national station within 5 km with area within 2%
FR_0000849,,0,,no national station within 5 km with area within 2%
FR_0000850,,0,,no national station within 5 km with area within 2%
FR_0000851,,0,,no national station within 5 km with area within 2%
FR_0000852,E1766010,1,0.12,
FR_0000853,E1727510,1,0.49,
FR_0000854,,0,,no national station within 5 km with area within 2%
FR_0000855,B5572010,1,0.16,
FR_0000856,,0,,no national station within 5 km with area within 2%
FR_0000857,D0156520,1,0.29,
FR_0000858,,0,,no national station within 5 km with area within 2%
FR_0000859,,0,,no national station within 5 km with area within 2%
FR_0000860,,0,,no national station within 5 km with area within 2%
FR_0000861,B2012010,1,0.14,
FR_0000862,B1340010,1,0.23,
FR_0000863,B5322010,1,0.38,
FR_0000864,B5172010,1,0.21,
FR_0000865,B3103010,1,0.24,
FR_0000866,B2220010,1,0.12,
FR_0000867,B2052010,1,0.38,
FR_0000868,B2042010,1,0.34,
FR_0000869,B1282010,1,0.38,
FR_0000871,B1150010,1,0.29,
FR_0000872,B1092010,1,0.28,
FR_0000873,B0220010,1,0.33,
FR_0000874,B4253010,1,0.46,
FR_0000875,B4224310,1,0.84,
FR_0000876,,0,,no national station within 5 km with area within 2%
FR_0000877,B7322010,1,0.55,
FR_0000878,B6111010,1,0.42,
FR_0000880,B4601010,1,0.47,
FR_0000881,B4572010,1,0.06,
FR_0000882,B4352010,1,0.46,
FR_0000883,B4132010,1,0.1,
FR_0000884,,0,,no national station within 5 km with area within 2%
FR_0000885,E1715510,1,0.34,
FR_0000886,H4033010,1,0.35,
FR_0000887,F4580001,1,0.43,
FR_0000888,F4590001,1,0.35,
FR_0000889,,0,,no national station within 5 km with area within 2%
FR_0000890,,0,,no national station within 5 km with area within 2%
FR_0000891,,0,,no national station within 5 km with area within 2%
FR_0000892,H5071010,1,0.28,
FR_0000893,,0,,no national station within 5 km with area within 2%
FR_0000894,H5062010,1,0.55,
FR_0000895,,0,,no national station within 5 km with area within 2%
FR_0000896,H5142610,1,0.6,
FR_0000897,,0,,no national station within 5 km with area within 2%
FR_0000898,H5142620,1,0.37,
FR_0000899,H5172010,1,0.63,
FR_0000900,H5153010,1,0.2,
FR_0000901,H7201010,1,0.56,
FR_0000902,H6412010,1,0.55,
FR_0000903,H6023210,1,0.66,
FR_0000904,,0,,no national station within 5 km with area within 2%
FR_0000905,,0,,no national station within 5 km with area within 2%
FR_0000906,,0,,no national station within 5 km with area within 2%
FR_0000907,,0,,no national station within 5 km with area within 2%
FR_0000909,,0,,no national station within 5 km with area within 2%
FR_0000910,H1680006,1,3.91,
FR_0000911,H7423710,1,0.36,
FR_0000912,,0,,no national station within 5 km with area within 2%
FR_0000913,,0,,no national station within 5 km with area within 2%
FR_0000914,H7742020,1,2.01,
FR_0000915,H7742010,1,1.34,
FR_0000916,H7713010,1,0.15,
FR_0000917,H7702010,1,0.48,
FR_0000918,H7733010,1,0.45,
FR_0000919,H2260002,1,0.44,
FR_0000920,H2240005,1,0.06,
FR_0000921,H7813010,1,0.27,
FR_0000922,H7513010,1,0.47,
FR_0000923,H6432010,1,0.39,
FR_0000924,H6423010,1,0.4,
FR_0000926,H1501010,1,0.24,
FR_0000927,,2,,"2 national stations qualify: H0800010, H0800013"
FR_0000928,H0503010,1,0.44,
FR_0000929,H0400020,1,1.6,
FR_0000930,H0400010,2,0.39,
FR_0000931,H0210010,1,0.43,
FR_0000932,H0321040,1,0.26,
FR_0000933,,0,,no national station within 5 km with area within 2%
FR_0000934,H0100020,1,0.47,
FR_0000935,H0321030,1,0.41,
FR_0000936,H0321020,1,0.31,
FR_0000937,,1,,match to H0203010 rejected: GSIM river 'LAIGNES' vs 'Le ruisseau de Marcenay à Chaume-lès-Baigneux'
FR_0000938,H0321010,1,0.46,
FR_0000939,H1051020,1,2.82,
FR_0000940,H1122010,1,0.51,
FR_0000941,,2,,"2 national stations qualify: H1231010, H1231011"
FR_0000942,H1362010,1,0.18,
FR_0000943,H1503910,1,0.28,
FR_0000944,H1603010,1,0.58,
FR_0000945,F4860001,1,0.12,
FR_0000946,F6630002,1,0.26,
FR_0000947,F6630001,1,0.18,
FR_0000948,H5503010,1,0.54,
FR_0000949,H5083020,1,0.42,
FR_0000950,F4490001,1,0.52,
FR_0000951,F4490004,1,0.49,
FR_0000952,F4740001,1,0.21,
FR_0000953,F6430001,1,1.04,
FR_0000954,F6410001,1,0.27,
FR_0000955,F6610001,1,0.4,
FR_0000956,F6640001,1,3.33,
FR_0000957,,3,,"3 national stations qualify: F6580002, F6580003, F6580004"
FR_0000958,F6550001,1,0.39,
FR_0000959,H5213310,1,0.2,
FR_0000960,,0,,no national station within 5 km with area within 2%
FR_0000961,H5091010,1,0.21,
FR_0000962,H5173110,1,0.37,
FR_0000963,,1,,match to F6540003 rejected: GSIM river 'L'ORGEVAL' vs 'Le ru du Rognon à Boissy-le-Châtel [Le Theil]'
FR_0000964,F6540004,1,0.15,
FR_0000965,,1,,match to F6540012 rejected: GSIM river 'LES AVENELLES' vs 'Le ru de l'Orgeval à Saint-Germain-sous-Doue [La Gouge]'
FR_0000966,F6540005,1,0.3,
FR_0000967,F6250001,1,1.33,
FR_0000968,F6190001,1,0.56,
FR_0000969,F6240002,1,0.46,
FR_0000970,H6412020,1,0.24,
FR_0000971,H6321011,2,0.12,
FR_0000972,H6303810,2,0.06,
FR_0000973,H6313020,1,0.49,
FR_0000974,H6313210,1,0.47,
FR_0000975,H6402010,1,0.12,
FR_0000976,H6053010,1,0.26,
FR_0000977,H6102010,1,0.47,
FR_0000978,H6113010,1,0.6,
FR_0000979,H6122010,1,0.4,
FR_0000980,H6162010,1,0.7,
FR_0000981,H6201010,1,0.32,
FR_0000982,H6221010,1,0.19,
FR_0000983,H6233010,1,0.3,
FR_0000984,,2,,"2 national stations qualify: H7153010, H7153012"
FR_0000985,,0,,no national station within 5 km with area within 2%
FR_0000986,H7162010,1,0.37,
FR_0000988,H7021010,1,0.77,
FR_0000989,H7041010,2,0.15,
FR_0000990,,0,,no national station within 5 km with area within 2%
FR_0000991,,0,,no national station within 5 km with area within 2%
FR_0000992,H5040620,1,0.25,
FR_0000993,G7100610,1,0.63,
FR_0000994,G4000210,1,0.12,
FR_0000995,G1110410,1,0.07,
FR_0000996,H3250410,1,0.6,
FR_0000997,,0,,no national station within 5 km with area within 2%
FR_0000998,H5060620,1,0.31,
FR_0000999,,0,,no national station within 5 km with area within 2%
FR_0001000,,0,,no national station within 5 km with area within 2%
FR_0001001,,0,,no national station within 5 km with area within 2%
FR_0001002,H3110410,1,0.36,
FR_0001004,E6456510,2,0.15,
FR_0001005,,0,,no national station within 5 km with area within 2%
FR_0001006,,0,,no national station within 5 km with area within 2%
FR_0001007,,0,,no national station within 5 km with area within 2%
FR_0001008,,0,,no national station within 5 km with area within 2%
FR_0001009,,0,,no national station within 5 km with area within 2%
FR_0001010,E5406510,1,0.18,
FR_0001011,F4380001,1,0.48,
FR_0001012,,0,,no national station within 5 km with area within 2%
FR_0001013,H3322010,1,0.46,
FR_0001014,F4390002,1,0.39,
FR_0001015,F4100006,1,0.14,
FR_0001016,,0,,no national station within 5 km with area within 2%
FR_0001017,,0,,no national station within 5 km with area within 2%
FR_0001018,F4110003,1,0.49,
FR_0001019,,1,,match to H3113310 rejected: GSIM river 'RU DU FOUR' vs 'Le ru de Septfonds à Saint-Fargeau [Ronchères]'
FR_0001020,,0,,no national station within 5 km with area within 2%
FR_0001021,,0,,no national station within 5 km with area within 2%
FR_0001022,F4450001,1,0.33,
FR_0001023,,0,,no national station within 5 km with area within 2%
FR_0001024,H3040001,1,0.33,
FR_0001025,H3050001,1,0.49,
FR_0001026,H4040212,1,0.35,
FR_0001028,,0,,no national station within 5 km with area within 2%
FR_0001029,H4250420,1,0.15,
FR_0001030,H4370420,1,0.09,
FR_0001031,H4320210,1,0.95,
FR_0001033,F4660001,1,0.32,
FR_0001034,F4670001,1,0.19,
FR_0001035,H3050004,1,1.28,
FR_0001036,,0,,no national station within 5 km with area within 2%
FR_0001037,H4033011,1,1.79,
FR_0001038,H4180410,1,0.55,
FR_0001039,,0,,no national station within 5 km with area within 2%
FR_0001040,,0,,no national station within 5 km with area within 2%
FR_0001041,,0,,no national station within 5 km with area within 2%
FR_0001042,,0,,no national station within 5 km with area within 2%
FR_0001043,H3030001,1,0.46,
FR_0001044,,0,,no national station within 5 km with area within 2%
FR_0001045,,2,,"2 national stations qualify: H6056414, H6050220"
FR_0001047,H6120430,1,0.47,
FR_0001048,,0,,no national station within 5 km with area within 2%
FR_0001049,,0,,no national station within 5 km with area within 2%
FR_0001050,,0,,no national station within 5 km with area within 2%
FR_0001051,I2213110,1,0.27,
FR_0001052,I2203110,1,0.49,
FR_0001053,I2213610,1,0.2,
FR_0001054,,2,,"2 national stations qualify: I1143010, I1143020"
FR_0001055,,0,,no national station within 5 km with area within 2%
FR_0001056,,0,,no national station within 5 km with area within 2%
FR_0001057,H6260610,1,0.81,
FR_0001058,I1031010,1,0.22,
FR_0001059,H6056010,1,0.28,
FR_0001060,,0,,no national station within 5 km with area within 2%
FR_0001061,H6100410,1,0.2,
FR_0001062,,0,,no national station within 5 km with area within 2%
FR_0001063,,0,,no national station within 5 km with area within 2%
FR_0001064,,0,,no national station within 5 km with area within 2%
FR_0001065,I3343010,1,0.39,
FR_0001066,I4032010,1,0.16,
FR_0001067,I4053010,1,0.44,
FR_0001068,I3521010,2,0.46,
FR_0001069,,2,,"2 national stations qualify: I2230001, I2230002"
FR_0001070,I5053010,1,0.33,
FR_0001071,,0,,no national station within 5 km with area within 2%
FR_0001072,I5013010,1,0.52,
FR_0001073,I5013610,1,0.33,
FR_0001074,I5021010,1,0.39,
FR_0001075,,0,,no national station within 5 km with area within 2%
FR_0001076,,2,,"2 national stations qualify: I7021020, I7021010"
FR_0001077,I7913610,1,0.47,
FR_0001078,I7222020,1,0.51,
FR_0001079,I5221010,1,0.8,
FR_0001082,I3612010,1,0.54,
FR_0001083,I9122010,1,0.37,
FR_0001084,I4013010,1,0.3,
FR_0001085,I4022010,1,0.43,
FR_0001086,,0,,no national station within 5 km with area within 2%
FR_0001087,I5321510,1,0.14,
FR_0001088,I5352010,1,0.14,
FR_0001090,,0,,no national station within 5 km with area within 2%
FR_0001091,,0,,no national station within 5 km with area within 2%
FR_0001092,B3150020,1,1.02,
FR_0001093,B7200000,1,1.96,
FR_0001094,B5600010,2,0.34,
FR_0001095,,0,,no national station within 5 km with area within 2%
FR_0001096,,0,,no national station within 5 km with area within 2%
FR_0001097,F7000001,1,0.68,
FR_0001098,,0,,no national station within 5 km with area within 2%
FR_0001099,H3080002,1,0.72,
FR_0001100,A2160100,1,0.37,
FR_0001101,,0,,no national station within 5 km with area within 2%
FR_0001102,A2350200,1,1.75,
FR_0001103,A2510200,1,0.46,
FR_0001104,A2760110,1,0.33,
FR_0001105,A2020300,1,3.04,
FR_0001106,A3300100,1,0.33,
FR_0001107,A3310100,1,0.27,
FR_0001108,A3410200,1,0.24,
FR_0001109,A3480200,1,0.27,
FR_0001110,A3610110,1,0.21,
FR_0001111,,0,,no national station within 5 km with area within 2%
FR_0001113,A3800200,1,0.44,
FR_0001114,A3150200,1,0.32,
FR_0001115,,0,,no national station within 5 km with area within 2%
FR_0001116,A9013050,1,0.32,
FR_0001117,A9062150,1,0.08,
FR_0001118,A9091060,1,0.08,
FR_0001119,A9192050,1,0.33,
FR_0001120,A9311080,1,3.75,
FR_0001121,A9260001,1,0.06,
FR_0001122,A9322150,1,0.36,
FR_0001123,A9532050,1,0.31,
FR_0001124,A9752010,1,0.37,
FR_0001125,A9862010,1,0.39,
FR_0001126,A9942020,1,2.74,
FR_0001127,A9071050,1,0.47,
FR_0001128,,0,,no national station within 5 km with area within 2%
FR_0001129,A9311090,2,0.4,
FR_0001130,,0,,no national station within 5 km with area within 2%
FR_0001131,,0,,no national station within 5 km with area within 2%
FR_0001132,A9737310,1,0.44,
FR_0001133,A4020610,1,0.44,
FR_0001134,A4050620,1,0.31,
FR_0001135,,0,,no national station within 5 km with area within 2%
FR_0001136,,0,,no national station within 5 km with area within 2%
FR_0001139,A4362030,1,0.41,
FR_0001140,A4442010,1,0.45,
FR_0001141,A4632010,1,0.35,
FR_0001143,A5422010,1,0.08,
FR_0001144,A5730610,1,0.27,
FR_0001145,,0,,no national station within 5 km with area within 2%
FR_0001147,A6142010,1,0.39,
FR_0001148,A6232010,1,0.44,
FR_0001149,A6571110,1,0.59,
FR_0001150,A6621212,1,0.54,
FR_0001151,A6731220,1,0.46,
FR_0001152,A6812010,1,0.25,
FR_0001153,A6903810,1,0.12,
FR_0001154,,0,,no national station within 5 km with area within 2%
FR_0001155,A6953010,1,0.37,
FR_0001156,A7010610,1,0.13,
FR_0001157,A7122010,1,0.48,
FR_0001158,A7352010,1,0.31,
FR_0001159,,0,,no national station within 5 km with area within 2%
FR_0001160,A7642010,1,0.41,
FR_0001161,A7821010,1,0.25,
FR_0001163,,0,,no national station within 5 km with area within 2%
FR_0001164,A8182010,1,0.47,
FR_0001165,A8322010,1,0.42,
FR_0001166,,0,,no national station within 5 km with area within 2%
FR_0001167,A8710001,1,0.06,
FR_0001168,A8732010,1,0.27,
FR_0001169,A8853010,1,0.58,
FR_0001170,A5242010,1,0.35,
FR_0001171,A5303010,1,0.58,
FR_0001173,A6151030,1,0.43,
FR_0001174,A6761010,1,0.46,
FR_0001175,A7930610,1,0.41,
FR_0001176,A8431010,1,0.43,
FR_0001177,A8883010,1,0.34,
FR_0001178,A7213010,1,0.44,
FR_0001179,A2730110,1,0.63,
FR_0001180,A1050030,1,0.44,
FR_0001181,A1160030,1,0.62,
FR_0001182,A1120200,1,2.12,
FR_0001183,A1200202,1,0.1,
FR_0001184,A1200203,1,0.41,
FR_0001185,,0,,no national station within 5 km with area within 2%
FR_0001186,,1,,match to A1200201 rejected: GSIM river 'WAGENSTHALBACH' vs 'La Doller à Sewen [Lerchenmatt]'
FR_0001187,,1,,match to A1200200 rejected: GSIM river 'SEEBACH' vs 'Le ruisseau de l'Alfeld à Sewen [Village]'
FR_0001188,,0,,no national station within 5 km with area within 2%
FR_0001189,A1220690,1,0.54,
FR_0001190,A1230500,1,0.27,
FR_0001191,,1,,match to A1250201 rejected: GSIM river 'DOLLER' vs 'Le ruisseau le Dollerbaechlein à Pfastatt'
FR_0001192,,0,,no national station within 5 km with area within 2%
FR_0001193,A1470031,2,0.4,
FR_0001194,A1610030,1,0.47,
FR_0001195,A1430200,1,0.19,
FR_0001196,A1460200,2,0.29,
FR_0001197,,0,,no national station within 5 km with area within 2%
FR_0001198,A1510200,1,0.3,
FR_0001199,,0,,no national station within 5 km with area within 2%
FR_0001202,,0,,no national station within 5 km with area within 2%
FR_0001204,A2040101,1,0.41,
FR_0001205,A2140100,1,0.04,
FR_0001206,A2150300,1,0.09,
FR_0001207,,0,,no national station within 5 km with area within 2%
FR_0001208,A2130200,1,0.05,
FR_0001209,A2430030,1,0.33,
FR_0001210,,0,,no national station within 5 km with area within 2%
FR_0001211,A2340211,1,0.39,
FR_0001213,A2350200,1,0.21,
FR_0001214,A2610200,1,0.22,
FR_0001215,A2700110,1,0.57,
FR_0001216,A2710370,1,0.54,
FR_0001217,A2730110,1,0.63,
FR_0001218,A2860110,1,2.11,
FR_0001219,A2840200,1,0.33,
FR_0001220,A2320210,1,0.26,
FR_0001221,A1470030,1,0.28,
FR_0001222,,0,,no national station within 5 km with area within 2%
FR_0001223,A2540200,1,0.27,
FR_0001224,A2930200,1,0.06,
FR_0001225,A1070200,1,0.45,
FR_0001226,A1160030,1,1.94,
FR_0001227,,0,,no national station within 5 km with area within 2%
FR_0001228,A1402020,1,0.38,
FR_0001229,A1430690,1,0.17,
FR_0001230,,2,,"2 national stations qualify: A1460201, A1460200"
FR_0001231,A1500200,1,0.25,
FR_0001232,A1510580,1,0.31,
FR_0001233,A1520200,1,0.19,
FR_0001234,,0,,no national station within 5 km with area within 2%
FR_0001235,,0,,no national station within 5 km with area within 2%
FR_0001236,A2010100,1,0.49,
FR_0001237,A2030530,1,0.39,
FR_0001238,A2140101,1,0.46,
FR_0001241,,0,,no national station within 5 km with area within 2%
FR_0001251,,0,,no national station within 5 km with area within 2%
FR_0001253,,0,,no national station within 5 km with area within 2%
FR_0001256,,0,,no national station within 5 km with area within 2%
FR_0001259,K5653010,1,0.12,
FR_0001267,P4271010,1,0.08,
FR_0001281,,0,,no national station within 5 km with area within 2%
FR_0001295,,0,,no national station within 5 km with area within 2%
FR_0001296,,0,,no national station within 5 km with area within 2%
FR_0001299,,0,,no national station within 5 km with area within 2%
FR_0001300,,0,,no national station within 5 km with area within 2%
FR_0001302,Y1105010,1,0.11,
FR_0001313,,0,,no national station within 5 km with area within 2%
FR_0001314,,0,,no national station within 5 km with area within 2%
FR_0001315,,0,,no national station within 5 km with area within 2%
FR_0001332,,0,,no national station within 5 km with area within 2%
FR_0001340,J2603010,1,0.13,
FR_0001341,,0,,no national station within 5 km with area within 2%
FR_0001342,U1025010,1,2.43,
FR_0001343,V3614010,1,0.05,
FR_0001344,,0,,no national station within 5 km with area within 2%
FR_0001345,H2122010,2,0.24,
FR_0001346,H0100010,1,0.5,
FR_0001347,A3150100,1,0.43,
FR_0001350,V3614010,1,0.05,
FR_0001352,,0,,no national station within 5 km with area within 2%
