season,stratum,model,n,accuracy,balanced_accuracy,kappa,n_obs_simple,n_pred_simple,precision_simple,recall_simple,n_obs_intermediate,n_pred_intermediate,precision_intermediate,recall_intermediate,n_obs_complex,n_pred_complex,precision_complex,recall_complex,complex_vs_rest_accuracy,complex_vs_rest_balanced_accuracy
dormant,all,authors,1322,0.6710,0.5113,0.3687,41,41,0.1707,0.1707,709,747,0.6948,0.7320,572,534,0.6760,0.6311,0.7095,0.7002
dormant,all,always_complex,1322,0.4327,0.3333,0.0000,41,0,,0.0000,709,0,,0.0000,572,1322,0.4327,1.0000,0.4327,0.5000
dormant,all,climate_only,1322,0.4690,0.3922,0.0443,41,17,0.3529,0.1463,709,215,0.5953,0.1805,572,1090,0.4459,0.8497,0.4781,0.5222
dormant,all,nearest_gauge,1322,0.6725,0.5358,0.3804,41,62,0.1613,0.2439,709,734,0.6989,0.7236,572,526,0.6958,0.6399,0.7231,0.7133
dormant,relation=independent,authors,506,0.6403,0.4366,0.2571,20,9,0.1111,0.0500,308,334,0.7006,0.7597,178,163,0.5460,0.5000,0.6779,0.6372
dormant,relation=independent,always_complex,506,0.3518,0.3333,0.0000,20,0,,0.0000,308,0,,0.0000,178,506,0.3518,1.0000,0.3518,0.5000
dormant,relation=independent,climate_only,506,0.3399,0.2936,-0.0838,20,4,0.0000,0.0000,308,82,0.4390,0.1169,178,420,0.3238,0.7640,0.3557,0.4491
dormant,relation=independent,nearest_gauge,506,0.6621,0.4854,0.3349,20,14,0.1429,0.1000,308,293,0.7406,0.7045,178,199,0.5829,0.6517,0.7134,0.6993
dormant,relation=adjacent,authors,380,0.7132,0.6253,0.4461,11,19,0.2632,0.4545,220,220,0.7636,0.7636,149,141,0.6950,0.6577,0.7526,0.7358
dormant,relation=adjacent,always_complex,380,0.3921,0.3333,0.0000,11,0,,0.0000,220,0,,0.0000,149,380,0.3921,1.0000,0.3921,0.5000
dormant,relation=adjacent,climate_only,380,0.4842,0.5447,0.1212,11,12,0.5000,0.5455,220,66,0.7424,0.2227,149,302,0.4272,0.8658,0.4921,0.5584
dormant,relation=adjacent,nearest_gauge,380,0.6842,0.6316,0.4018,11,31,0.1935,0.5455,220,223,0.7354,0.7455,149,126,0.7143,0.6040,0.7500,0.7241
dormant,relation=nested,authors,74,0.7973,0.7033,0.6188,2,3,0.3333,0.5000,34,35,0.7714,0.7941,38,36,0.8611,0.8158,0.8378,0.8385
dormant,relation=nested,always_complex,74,0.5135,0.3333,0.0000,2,0,,0.0000,34,0,,0.0000,38,74,0.5135,1.0000,0.5135,0.5000
dormant,relation=nested,climate_only,74,0.5541,0.3658,0.0956,2,0,,0.0000,34,9,0.6667,0.1765,38,65,0.5385,0.9211,0.5541,0.5439
dormant,relation=nested,nearest_gauge,74,0.7973,0.8622,0.6290,2,5,0.4000,1.0000,34,37,0.7568,0.8235,38,32,0.9062,0.7632,0.8378,0.8399
dormant,relation=contains,authors,358,0.6425,0.4332,0.3062,8,10,0.0000,0.0000,145,155,0.5677,0.6069,205,193,0.7358,0.6927,0.6816,0.6797
dormant,relation=contains,always_complex,358,0.5726,0.3333,0.0000,8,0,,0.0000,145,0,,0.0000,205,358,0.5726,1.0000,0.5726,0.5000
dormant,relation=contains,climate_only,358,0.6201,0.3859,0.1662,8,1,0.0000,0.0000,145,57,0.6491,0.2552,205,300,0.6167,0.9024,0.6229,0.5754
dormant,relation=contains,nearest_gauge,358,0.6508,0.4482,0.3407,8,12,0.0000,0.0000,145,179,0.5754,0.7103,205,167,0.7784,0.6341,0.6872,0.6962
dormant,overlaps_training=no,authors,886,0.6716,0.5089,0.3426,31,28,0.2143,0.1935,528,554,0.7256,0.7614,327,304,0.6151,0.5719,0.7099,0.6813
dormant,overlaps_training=no,always_complex,886,0.3691,0.3333,0.0000,31,0,,0.0000,528,0,,0.0000,327,886,0.3691,1.0000,0.3691,0.5000
dormant,overlaps_training=no,climate_only,886,0.4018,0.3883,0.0015,31,16,0.3750,0.1935,528,148,0.5743,0.1610,327,722,0.3670,0.8104,0.4142,0.4964
dormant,overlaps_training=no,nearest_gauge,886,0.6716,0.5365,0.3632,31,45,0.1778,0.2581,528,516,0.7384,0.7216,327,325,0.6338,0.6300,0.7291,0.7085
dormant,overlaps_training=yes,authors,436,0.6697,0.4855,0.3638,10,13,0.0769,0.1000,181,193,0.6062,0.6464,245,230,0.7565,0.7102,0.7087,0.7085
dormant,overlaps_training=yes,always_complex,436,0.5619,0.3333,0.0000,10,0,,0.0000,181,0,,0.0000,245,436,0.5619,1.0000,0.5619,0.5000
dormant,overlaps_training=yes,climate_only,436,0.6055,0.3799,0.1459,10,1,0.0000,0.0000,181,67,0.6418,0.2376,245,368,0.6005,0.9020,0.6078,0.5662
dormant,overlaps_training=yes,nearest_gauge,436,0.6743,0.5274,0.3884,10,17,0.1176,0.2000,181,218,0.6055,0.7293,245,201,0.7960,0.6531,0.7110,0.7192
dormant,years=10-20,authors,379,0.6227,0.4386,0.2339,24,12,0.1667,0.0833,229,256,0.6836,0.7642,126,111,0.5315,0.4683,0.6860,0.6314
dormant,years=10-20,always_complex,379,0.3325,0.3333,0.0000,24,0,,0.0000,229,0,,0.0000,126,379,0.3325,1.0000,0.3325,0.5000
dormant,years=10-20,climate_only,379,0.3826,0.3656,0.0203,24,3,0.6667,0.0833,229,55,0.6182,0.1485,126,321,0.3396,0.8651,0.3958,0.5136
dormant,years=10-20,nearest_gauge,379,0.6385,0.4657,0.2713,24,15,0.2000,0.1250,229,254,0.6890,0.7642,126,110,0.5818,0.5079,0.7150,0.6631
dormant,years=20-30,authors,271,0.7122,0.5296,0.4189,6,6,0.1667,0.1667,162,165,0.7576,0.7716,103,100,0.6700,0.6505,0.7454,0.7270
dormant,years=20-30,always_complex,271,0.3801,0.3333,0.0000,6,0,,0.0000,162,0,,0.0000,103,271,0.3801,1.0000,0.3801,0.5000
dormant,years=20-30,climate_only,271,0.4244,0.4485,0.0342,6,5,0.4000,0.3333,162,38,0.6316,0.1481,103,228,0.3904,0.8641,0.4354,0.5183
dormant,years=20-30,nearest_gauge,271,0.6679,0.5525,0.3570,6,19,0.1053,0.3333,162,160,0.7312,0.7222,103,92,0.6739,0.6019,0.7380,0.7117
dormant,years=>30,authors,672,0.6815,0.5791,0.3929,11,23,0.1739,0.3636,318,326,0.6718,0.6887,343,323,0.7276,0.6851,0.7083,0.7088
dormant,years=>30,always_complex,672,0.5104,0.3333,0.0000,11,0,,0.0000,318,0,,0.0000,343,672,0.5104,1.0000,0.5104,0.5000
dormant,years=>30,climate_only,672,0.5357,0.4139,0.0769,11,9,0.2222,0.1818,318,122,0.5738,0.2201,343,541,0.5323,0.8397,0.5417,0.5353
dormant,years=>30,nearest_gauge,672,0.6935,0.6164,0.4193,11,28,0.1786,0.4545,318,320,0.6906,0.6950,343,324,0.7407,0.6997,0.7217,0.7222
dormant,area=<100,authors,341,0.6364,0.4315,0.2294,18,9,0.1111,0.0556,223,228,0.7325,0.7489,100,104,0.4712,0.4900,0.6891,0.6309
dormant,area=<100,always_complex,341,0.2933,0.3333,0.0000,18,0,,0.0000,223,0,,0.0000,100,341,0.2933,1.0000,0.2933,0.5000
dormant,area=<100,climate_only,341,0.3402,0.3205,-0.0207,18,3,0.0000,0.0000,223,59,0.6102,0.1614,100,279,0.2867,0.8000,0.3578,0.4871
dormant,area=<100,nearest_gauge,341,0.6716,0.4696,0.3087,18,6,0.1667,0.0556,223,223,0.7534,0.7534,100,112,0.5357,0.6000,0.7302,0.6921
dormant,area=100-1000,authors,481,0.6861,0.5695,0.3668,16,20,0.3000,0.3750,286,316,0.7215,0.7972,179,145,0.6621,0.5363,0.7256,0.6870
dormant,area=100-1000,always_complex,481,0.3721,0.3333,0.0000,16,0,,0.0000,286,0,,0.0000,179,481,0.3721,1.0000,0.3721,0.5000
dormant,area=100-1000,climate_only,481,0.4179,0.4526,0.0238,16,11,0.5455,0.3750,286,85,0.6000,0.1783,179,385,0.3740,0.8045,0.4262,0.5032
dormant,area=100-1000,nearest_gauge,481,0.6840,0.6378,0.4014,16,40,0.2250,0.5625,286,277,0.7545,0.7308,179,164,0.6768,0.6201,0.7484,0.7223
dormant,area=>1000,authors,500,0.6800,0.4524,0.3641,7,12,0.0000,0.0000,200,203,0.6108,0.6200,293,285,0.7579,0.7372,0.7080,0.7019
dormant,area=>1000,always_complex,500,0.5860,0.3333,0.0000,7,0,,0.0000,200,0,,0.0000,293,500,0.5860,1.0000,0.5860,0.5000
dormant,area=>1000,climate_only,500,0.6060,0.3664,0.1123,7,3,0.0000,0.0000,200,71,0.5775,0.2050,293,426,0.6150,0.8942,0.6100,0.5510
dormant,area=>1000,nearest_gauge,500,0.6620,0.4485,0.3492,7,16,0.0000,0.0000,200,234,0.5812,0.6800,293,250,0.7800,0.6655,0.6940,0.6999
growing,all,authors,1309,0.5730,0.3852,0.1505,29,11,0.0000,0.0000,485,581,0.4544,0.5443,795,717,0.6778,0.6113,0.5875,0.5810
growing,all,always_complex,1309,0.6073,0.3333,0.0000,29,0,,0.0000,485,0,,0.0000,795,1309,0.6073,1.0000,0.6073,0.5000
growing,all,climate_only,1309,0.5921,0.3346,0.0059,29,2,0.0000,0.0000,485,93,0.3871,0.0742,795,1214,0.6087,0.9296,0.5943,0.5027
growing,all,nearest_gauge,1296,0.5949,0.3861,0.1580,29,6,0.0000,0.0000,483,465,0.4731,0.4555,784,825,0.6679,0.7028,0.6088,0.5838
growing,relation=independent,authors,511,0.5068,0.3527,0.0599,19,4,0.0000,0.0000,255,217,0.5392,0.4588,237,290,0.4897,0.5992,0.5245,0.5295
growing,relation=independent,always_complex,511,0.4638,0.3333,0.0000,19,0,,0.0000,255,0,,0.0000,237,511,0.4638,1.0000,0.4638,0.5000
growing,relation=independent,climate_only,511,0.4579,0.3281,-0.0124,19,1,0.0000,0.0000,255,23,0.4348,0.0392,237,487,0.4600,0.9451,0.4599,0.4926
growing,relation=independent,nearest_gauge,509,0.5167,0.3623,0.0805,19,1,0.0000,0.0000,255,175,0.5543,0.3804,235,333,0.4985,0.7064,0.5363,0.5484
growing,relation=adjacent,authors,378,0.6138,0.4170,0.2392,6,4,0.0000,0.0000,139,179,0.4916,0.6331,233,195,0.7385,0.6180,0.6296,0.6332
growing,relation=adjacent,always_complex,378,0.6164,0.3333,0.0000,6,0,,0.0000,139,0,,0.0000,233,378,0.6164,1.0000,0.6164,0.5000
growing,relation=adjacent,climate_only,378,0.5979,0.3378,0.0181,6,1,0.0000,0.0000,139,37,0.4054,0.1079,233,340,0.6206,0.9056,0.6005,0.5080
growing,relation=adjacent,nearest_gauge,377,0.6393,0.4193,0.2551,6,3,0.0000,0.0000,139,145,0.5241,0.5468,232,229,0.7205,0.7112,0.6525,0.6349
growing,relation=nested,authors,76,0.6579,0.6554,0.2757,0,1,0.0000,,20,32,0.4062,0.6500,56,43,0.8605,0.6607,0.6711,0.6804
growing,relation=nested,always_complex,76,0.7368,0.5000,0.0000,0,0,,,20,0,,0.0000,56,76,0.7368,1.0000,0.7368,0.5000
growing,relation=nested,climate_only,76,0.7763,0.6071,0.2709,0,0,,,20,7,0.7143,0.2500,56,69,0.7826,0.9643,0.7763,0.6071
growing,relation=nested,nearest_gauge,73,0.7260,0.7179,0.3876,0,0,,,20,28,0.5000,0.7000,53,45,0.8667,0.7358,0.7260,0.7179
growing,relation=contains,authors,340,0.6088,0.4208,0.1849,4,2,0.0000,0.0000,70,152,0.3026,0.6571,266,186,0.8656,0.6053,0.6176,0.6337
growing,relation=contains,always_complex,340,0.7824,0.3333,0.0000,4,0,,0.0000,70,0,,0.0000,266,340,0.7824,1.0000,0.7824,0.5000
growing,relation=contains,climate_only,340,0.7471,0.3393,0.0273,4,0,,0.0000,70,25,0.2400,0.0857,266,315,0.7873,0.9323,0.7500,0.5135
growing,relation=contains,nearest_gauge,333,0.6366,0.3904,0.1405,4,2,0.0000,0.0000,68,116,0.2845,0.4853,261,215,0.8326,0.6858,0.6456,0.5929
growing,overlaps_training=no,authors,889,0.5523,0.3763,0.1288,25,8,0.0000,0.0000,394,396,0.5177,0.5203,470,485,0.5897,0.6085,0.5692,0.5668
growing,overlaps_training=no,always_complex,889,0.5287,0.3333,0.0000,25,0,,0.0000,394,0,,0.0000,470,889,0.5287,1.0000,0.5287,0.5000
growing,overlaps_training=no,climate_only,889,0.5174,0.3297,-0.0091,25,2,0.0000,0.0000,394,60,0.4167,0.0635,470,827,0.5260,0.9255,0.5197,0.4950
growing,overlaps_training=no,nearest_gauge,886,0.5688,0.3826,0.1461,25,4,0.0000,0.0000,394,320,0.5406,0.4391,467,562,0.5890,0.7088,0.5858,0.5787
growing,overlaps_training=yes,authors,420,0.6167,0.4212,0.1965,4,3,0.0000,0.0000,91,185,0.3189,0.6484,325,232,0.8621,0.6154,0.6262,0.6393
growing,overlaps_training=yes,always_complex,420,0.7738,0.3333,0.0000,4,0,,0.0000,91,0,,0.0000,325,420,0.7738,1.0000,0.7738,0.5000
growing,overlaps_training=yes,climate_only,420,0.7500,0.3521,0.0740,4,0,,0.0000,91,33,0.3333,0.1209,325,387,0.7855,0.9354,0.7524,0.5309
growing,overlaps_training=yes,nearest_gauge,410,0.6512,0.4074,0.1836,4,2,0.0000,0.0000,89,145,0.3241,0.5281,317,263,0.8365,0.6940,0.6585,0.6158
growing,years=10-20,authors,377,0.5729,0.3939,0.1758,13,3,0.0000,0.0000,171,170,0.5529,0.5497,193,204,0.5980,0.6321,0.5942,0.5932
growing,years=10-20,always_complex,377,0.5119,0.3333,0.0000,13,0,,0.0000,171,0,,0.0000,193,377,0.5119,1.0000,0.5119,0.5000
growing,years=10-20,climate_only,377,0.5093,0.3336,0.0009,13,0,,0.0000,171,20,0.4500,0.0526,193,357,0.5126,0.9482,0.5119,0.5013
growing,years=10-20,nearest_gauge,376,0.5559,0.3801,0.1322,13,0,,0.0000,171,151,0.5364,0.4737,192,225,0.5689,0.6667,0.5718,0.5697
growing,years=20-30,authors,269,0.5576,0.3763,0.1260,4,1,0.0000,0.0000,114,128,0.4922,0.5526,151,140,0.6214,0.5762,0.5651,0.5635
growing,years=20-30,always_complex,269,0.5613,0.3333,0.0000,4,0,,0.0000,114,0,,0.0000,151,269,0.5613,1.0000,0.5613,0.5000
growing,years=20-30,climate_only,269,0.5428,0.3273,-0.0152,4,1,0.0000,0.0000,114,19,0.3684,0.0614,151,249,0.5582,0.9205,0.5465,0.4942
growing,years=20-30,nearest_gauge,266,0.5150,0.3354,0.0090,4,1,0.0000,0.0000,114,91,0.4396,0.3509,148,174,0.5575,0.6554,0.5188,0.5014
growing,years=>30,authors,663,0.5792,0.3831,0.1383,12,7,0.0000,0.0000,200,283,0.3781,0.5350,451,373,0.7426,0.6142,0.5928,0.5807
growing,years=>30,always_complex,663,0.6802,0.3333,0.0000,12,0,,0.0000,200,0,,0.0000,451,663,0.6802,1.0000,0.6802,0.5000
growing,years=>30,climate_only,663,0.6591,0.3415,0.0305,12,1,0.0000,0.0000,200,54,0.3704,0.1000,451,608,0.6859,0.9246,0.6606,0.5118
growing,years=>30,nearest_gauge,654,0.6498,0.4114,0.2294,12,5,0.0000,0.0000,198,223,0.4439,0.5000,444,426,0.7653,0.7342,0.6667,0.6290
growing,area=<100,authors,341,0.5367,0.3846,0.1361,13,2,0.0000,0.0000,202,147,0.6803,0.4950,126,192,0.4323,0.6587,0.5543,0.5759
growing,area=<100,always_complex,341,0.3695,0.3333,0.0000,13,0,,0.0000,202,0,,0.0000,126,341,0.3695,1.0000,0.3695,0.5000
growing,area=<100,climate_only,341,0.3695,0.3234,-0.0206,13,1,0.0000,0.0000,202,21,0.4762,0.0495,126,319,0.3636,0.9206,0.3754,0.4882
growing,area=<100,nearest_gauge,340,0.5059,0.3682,0.0857,13,0,,0.0000,202,138,0.6449,0.4406,125,202,0.4109,0.6640,0.5265,0.5553
growing,area=100-1000,authors,486,0.5658,0.3863,0.1571,11,7,0.0000,0.0000,184,233,0.4592,0.5815,291,246,0.6829,0.5773,0.5864,0.5887
growing,area=100-1000,always_complex,486,0.5988,0.3333,0.0000,11,0,,0.0000,184,0,,0.0000,291,486,0.5988,1.0000,0.5988,0.5000
growing,area=100-1000,climate_only,486,0.5967,0.3442,0.0379,11,1,0.0000,0.0000,184,37,0.4865,0.0978,291,448,0.6071,0.9347,0.5988,0.5161
growing,area=100-1000,nearest_gauge,482,0.5892,0.3845,0.1576,11,5,0.0000,0.0000,184,174,0.4828,0.4565,287,303,0.6601,0.6969,0.6058,0.5843
growing,area=>1000,authors,482,0.6058,0.3992,0.1437,5,2,0.0000,0.0000,99,201,0.2836,0.5758,378,279,0.8423,0.6217,0.6120,0.5993
growing,area=>1000,always_complex,482,0.7842,0.3333,0.0000,5,0,,0.0000,99,0,,0.0000,378,482,0.7842,1.0000,0.7842,0.5000
growing,area=>1000,climate_only,482,0.7448,0.3365,0.0101,5,0,,0.0000,99,35,0.2286,0.0808,378,447,0.7852,0.9286,0.7448,0.5027
growing,area=>1000,nearest_gauge,474,0.6646,0.4017,0.1699,5,1,0.0000,0.0000,97,153,0.3072,0.4845,372,320,0.8375,0.7204,0.6709,0.6053
